Index;DYS393;DYS390;DYS19;DYS391;DYS385a;DYS385b;DYS426;DYS388;DYS439;DYS389i;DYS392;DYS389ii;DYS458;DYS459a;DYS459b;DYS455;DYS454;DYS447;DYS437;DYS448;DYS449;DYS464a;DYS464b;DYS464c;DYS464d;DYS460;Y-GATA-H4;YCAIIa;YCAIIb;DYS456;DYS607;DYS576;DYS570;CDYa;CDYb;DYS442;DYS438;DYS531;DYS578;DYF395S1a;DYF395S1b;DYS590;DYS537;DYS641;DYS472;DYF406S1;DYS511;DYS425;DYS413a;DYS413b;DYS557;DYS594;DYS436;DYS490;DYS534;DYS450;DYS444;DYS481;DYS520;DYS446;DYS617;DYS568;DYS487;DYS572;DYS640;DYS492;DYS565;DYS710;DYS485;DYS632;DYS495;DYS540;DYS714;DYS716;DYS717;DYS505;DYS556;DYS549;DYS589;DYS522;DYS494;DYS533;DYS636;DYS575;DYS638;DYS462;DYS452;DYS445;Y-GATA-A10;DYS463;DYS441;Y-GGAAT-1B07;DYS525;DYS712;DYS593;DYS650;DYS532;DYS715;DYS504;DYS513;DYS561;DYS552;DYS726;DYS635;DYS587;DYS643;DYS497;DYS510;DYS434;DYS461;DYS435
133381;12;22;13;10;13;13;12;12;12;13;15;29;18;9;9;11;11;25;14;19;29;14;15;15;16;11;9;19;19;15;14;16;16;34;40;12;11;11;8;15;17;8;11;10;8;11;11;0;22;22;17;11;12;12;16;8;12;25;16;14;12;11;13;10;12;13;13;34;15;8;15;11;26;28;18;11;12;12;11;10;9;11;11;10;11;11;33;11;13;28;15;11;9;20;15;21;15;25;16;12;16;24;12;22;17;12;15;17;9;14;11;0.0;0.0;0.0;
N16165;12;22;13;10;13;13;12;12;12;13;15;29;18;9;9;11;11;25;14;19;29;14;15;15;16;11;9;19;19;15;14;16;16;34;40;12;11;11;8;15;17;8;11;10;8;11;11;0;22;22;17;11;12;12;16;8;12;25;16;14;12;11;13;10;12;13;13;34;15;8;15;11;26;28;18;11;12;12;11;10;9;11;11;10;11;11;33;11;13;28;15;11;9;20;15;21;15;25;16;12;16;24;12;22;17;12;15;17;9;14;11;0.0;0.0;0.0;
191247;12;22;13;10;13;13;12;12;12;13;14;29;18;9;9;11;11;25;14;19;29;14;15;15;16;11;9;19;19;15;14;16;16;34;40;12;11;11;8;15;17;8;11;10;8;11;11;0;22;22;17;11;12;12;16;8;12;25;16;14;12;11;13;10;12;13;13;34;15;8;15;11;26;28;18;11;12;12;11;10;9;11;11;10;11;11;33;11;13;28;15;11;9;20;15;21;15;25;16;12;15;24;12;22;17;12;15;17;9;14;11;107.41510741510743;0.2452530993275474;0.2793365012434142;
156072;12;22;13;10;13;13;12;12;12;13;15;29;18;9;9;11;11;25;14;19;29;14;15;15;16;11;9;19;19;15;14;16;16;35;41;12;11;11;8;15;17;8;11;10;8;11;11;0;22;22;17;11;12;12;16;8;12;25;16;14;12;11;13;10;12;13;13;34;15;8;15;11;26;28;18;11;12;12;11;10;9;11;11;10;11;11;33;11;13;28;15;11;9;20;15;21;15;25;16;12;16;24;12;22;17;12;15;17;9;14;11;107.41510741510743;0.2452530993275474;0.2793365012434142;
169897;12;22;13;10;13;13;12;12;12;13;15;29;18;9;9;11;11;25;14;19;29;14;15;15;16;11;9;19;19;15;14;16;16;34;41;12;11;11;8;15;17;8;11;10;8;11;11;0;22;22;17;11;12;12;16;8;12;25;16;14;12;11;13;10;12;13;13;34;15;8;15;11;26;28;18;11;12;12;11;10;9;11;11;10;11;11;33;11;13;29;15;11;9;20;15;21;16;25;16;12;16;24;12;22;17;12;15;17;9;14;11;161.12266112266116;0.3472329950588268;0.4193092605656317;
166843;12;22;13;10;13;13;12;12;12;13;15;29;18;9;9;11;11;25;14;19;30;14;15;15;16;11;9;19;19;15;14;16;16;34;40;12;11;11;8;15;17;8;11;10;8;11;11;0;22;22;17;11;12;12;16;8;12;25;16;14;12;11;13;10;12;13;13;34;15;8;15;11;26;28;18;11;12;12;11;10;9;11;11;10;11;11;32;11;13;28;15;11;9;21;15;21;15;25;16;12;16;24;12;22;17;12;15;17;9;13;11;214.83021483021486;0.4390362493779469;0.5600371678574828;
149506;12;22;13;10;13;13;12;12;12;13;15;29;18;9;9;11;11;26;14;19;29;14;15;15;16;11;9;19;19;15;14;16;16;33;41;12;11;11;8;15;17;8;11;10;8;11;11;0;22;22;17;11;12;12;16;8;12;25;16;14;12;11;13;10;12;13;13;34;15;8;15;11;26;28;18;11;12;12;11;10;9;11;11;10;11;11;33;11;13;28;15;11;9;19;15;21;16;25;16;12;16;24;12;22;17;12;15;17;9;14;11;268.5377685377685;0.5227692186730084;0.7022599407637006;
137432;13;22;13;10;14;16;12;12;12;13;15;28;17;9;9;11;11;25;14;19;29;14;15;16;16;11;9;19;19;15;14;16;16;34;37;12;11;11;8;15;17;8;10;10;8;12;10;0;22;22;18;11;12;12;17;8;13;24;16;14;12;11;13;10;12;13;12;35;14;9;15;11;26;28;18;11;12;12;11;10;9;11;11;10;11;11;32;11;13;27;15;11;9;19;15;20;15;24;16;13;16;24;12;22;17;12;15;17;9;14;11;2148.302148302148;2.8032701009383887;24.526525574588764;
115454;13;22;13;11;15;16;12;12;12;13;15;28;17;9;9;11;11;25;14;19;29;14;15;16;16;11;9;19;19;15;14;16;16;34;37;12;11;11;8;15;17;8;10;10;8;12;10;0;22;22;17;11;12;12;17;8;13;24;16;14;12;11;13;10;12;13;12;35;14;9;15;11;26;28;18;11;12;12;11;10;9;11;11;10;11;11;32;11;13;27;15;11;9;19;15;20;15;24;16;13;16;24;12;22;17;12;15;17;9;14;11;2309.4248094248096;3.0096606451450634;32.02356645746305;
223137;13;22;13;10;14;16;12;12;12;13;15;29;17;9;9;11;11;24;14;19;30;14;15;15;16;10;9;19;19;15;14;17;16;33;38;12;11;11;8;15;19;8;11;10;8;12;11;0;22;22;17;11;12;12;17;8;12;25;16;14;12;11;13;10;12;13;13;37;15;9;15;11;27;28;18;12;12;12;11;11;9;11;11;10;11;11;33;12;12;30;15;11;9;20;15;22;14;25;16;12;16;24;12;22;17;12;15;17;9;13;11;2631.6701316701315;3.424823612776054;54.31295269186904;
3422;13;22;13;10;14;16;12;12;12;13;15;29;17;9;9;11;11;24;14;19;30;14;15;15;16;10;9;19;19;15;14;17;16;33;38;12;11;11;8;15;19;8;11;10;8;12;11;0;22;22;16;11;12;12;17;8;12;24;16;14;12;11;13;10;12;13;13;37;15;9;15;10;26;28;18;11;12;12;11;11;9;11;11;10;11;11;33;12;12;30;15;11;9;20;15;22;14;25;16;12;16;24;12;22;17;12;15;17;9;13;11;2685.3776853776853;3.494232240623467;59.27091397857087;
231513;13;22;13;10;14;16;12;12;12;12;15;28;17;9;9;11;11;24;14;19;30;14;15;15;16;10;9;19;19;15;14;17;16;33;38;12;11;11;8;15;19;8;11;10;8;12;11;0;22;22;16;11;12;12;16;8;12;24;16;14;12;11;13;10;12;13;13;36;15;9;15;11;27;28;18;11;12;12;11;11;9;11;11;10;11;11;33;12;12;30;15;11;9;20;15;22;13;26;16;12;15;24;12;22;17;12;15;17;9;13;11;2739.0852390852397;3.563686009934136;64.66851407877347;
61751;13;22;13;10;14;16;12;12;12;13;15;29;17;9;9;11;11;25;14;19;29;14;15;16;17;10;9;19;19;15;14;17;16;33;37;12;11;11;8;15;19;8;11;10;8;12;11;0;22;22;16;11;12;12;16;8;12;24;16;14;12;11;13;10;12;13;13;36;15;9;15;11;27;28;18;11;12;12;11;11;9;11;11;10;11;11;33;13;12;30;15;11;9;20;15;22;14;25;16;12;16;24;12;22;17;12;15;17;9;13;11;2792.7927927927926;3.633180138577032;70.54353226175795;
385724;13;22;13;10;14;16;12;12;12;13;15;29;18;9;10;11;11;25;14;19;29;14;15;15;15;10;9;19;19;15;14;18;15;32;38;12;11;11;8;15;17;8;10;10;8;13;11;0;22;22;16;11;12;12;18;8;12;24;16;14;12;11;13;10;12;13;13;36;16;9;15;12;28;28;18;11;12;12;11;10;9;11;11;10;11;11;33;12;13;29;15;11;9;20;15;21;13;25;16;13;16;24;12;22;17;12;15;17;9;13;11;3061.3305613305615;3.9811200160745717;108.6388089764778;
311223;13;22;13;10;14;16;12;12;12;13;15;29;17;9;9;11;11;24;14;19;30;14;15;15;16;10;9;19;19;15;14;17;16;33;38;12;11;11;8;15;19;8;11;10;8;12;11;0;22;22;16;11;12;12;17;8;12;24;16;14;12;11;13;10;12;13;13;37;15;9;15;11;28;28;18;11;12;12;11;11;9;11;11;10;11;11;33;12;12;30;15;11;9;20;15;22;13;25;17;12;16;24;12;22;17;12;15;17;9;13;11;3061.3305613305615;3.9811200160745717;108.6388089764778;
82698;13;22;13;10;14;16;12;12;12;13;15;29;17;9;9;11;11;25;14;19;29;14;15;15;16;10;9;19;19;15;14;16;16;33;38;12;11;11;8;15;19;8;11;10;8;12;11;0;22;22;16;11;12;12;17;8;13;24;16;14;12;11;13;10;12;13;13;37;15;9;15;11;27;28;18;11;12;12;11;11;9;11;11;10;11;11;32;12;14;30;15;11;9;19;15;22;12;24;16;12;16;24;12;22;17;12;15;17;9;13;11;3168.745668745669;4.1204577779658855;128.9444296844611;
103446;13;22;13;10;14;16;12;12;12;13;15;29;17;9;9;11;11;24;14;19;30;14;15;15;16;10;9;19;19;15;14;17;16;33;38;12;11;11;8;15;19;8;11;10;8;12;11;0;22;22;16;11;12;12;17;8;12;24;16;14;12;11;13;10;12;13;13;37;15;9;15;11;28;28;18;11;12;12;11;11;9;11;11;10;11;11;33;12;12;30;15;11;9;20;15;23;13;25;16;12;16;24;12;22;17;12;15;17;9;13;11;3168.745668745669;4.1204577779658855;128.9444296844611;
117351;13;22;13;10;14;16;12;12;12;13;15;29;17;9;9;11;11;24;14;19;30;14;15;15;16;10;9;19;19;15;14;17;16;34;38;12;11;11;8;15;19;8;11;10;8;12;11;0;22;22;16;11;12;12;17;8;12;24;16;14;12;11;13;10;12;13;13;37;15;9;15;11;27;28;18;11;9;12;11;11;9;11;11;10;11;11;32;12;12;30;15;11;9;20;15;22;14;25;16;12;16;24;12;22;17;12;15;17;9;13;11;3168.745668745669;4.1204577779658855;128.9444296844611;
N17491;13;22;13;10;14;16;12;12;12;13;15;29;17;9;9;11;11;25;14;19;29;14;15;15;16;9;9;19;19;15;14;17;16;33;38;12;11;11;8;15;19;8;11;10;8;12;11;0;22;22;16;11;12;12;17;8;13;24;16;14;12;11;13;10;12;13;13;36;15;9;15;11;27;28;18;11;12;12;11;11;9;11;11;10;11;11;32;12;14;30;15;11;9;21;15;22;12;24;16;12;16;25;12;22;17;12;15;17;9;13;11;3168.745668745669;4.1204577779658855;128.9444296844611;
172625;13;22;13;10;14;16;12;12;12;12;15;28;17;9;9;11;11;24;14;19;29;14;15;15;16;10;9;19;19;15;14;18;16;33;37;12;11;11;8;15;19;8;11;10;8;12;11;0;22;22;16;11;12;12;17;8;12;24;16;14;12;11;13;10;12;13;13;36;15;9;15;11;27;28;18;11;12;12;12;11;9;11;11;10;11;11;33;12;13;31;15;11;9;20;15;22;14;25;16;12;17;24;12;22;17;12;15;17;9;13;11;3222.453222453223;4.190151790562813;140.43883145849253;
139521;13;22;13;10;14;18;12;12;12;13;15;29;17;9;9;11;11;25;14;19;29;14;15;15;16;10;9;19;19;15;14;17;16;33;39;12;11;11;8;15;19;8;11;10;8;12;11;0;22;22;16;11;12;12;16;8;12;24;16;14;12;11;13;10;12;13;13;35;15;9;15;11;27;28;18;11;12;12;11;11;9;11;11;10;11;11;32;12;13;30;15;11;9;20;15;22;12;25;16;11;16;24;12;22;17;12;15;17;9;13;11;3276.1607761607765;4.2598601085117025;152.9291449526617;
158843;13;22;13;10;14;16;12;12;11;14;15;30;17;9;9;11;11;25;14;19;29;14;14;15;16;10;9;19;19;15;14;16;16;33;38;12;11;11;8;15;19;8;11;10;8;12;11;0;22;22;16;11;12;12;17;8;13;24;16;14;12;11;13;10;12;13;13;37;15;9;15;11;26;28;18;11;12;12;11;11;9;11;11;10;11;11;32;12;14;30;15;11;9;20;15;22;12;24;16;12;16;24;12;22;17;12;15;17;9;13;11;3276.1607761607765;4.2598601085117025;152.9291449526617;
68802;13;22;13;10;15;16;12;12;12;13;15;29;17;9;9;11;11;25;14;19;29;14;15;15;16;10;9;19;19;15;14;16;16;33;37;12;11;11;8;15;19;8;11;10;8;12;11;0;22;22;16;11;12;12;17;8;13;24;16;14;12;11;13;10;12;13;13;36;15;9;15;11;27;28;18;11;12;12;11;11;9;11;11;10;11;11;32;12;14;30;15;11;9;20;15;22;12;24;16;12;16;24;12;22;17;12;15;17;9;13;11;3276.1607761607765;4.2598601085117025;152.9291449526617;
163342;13;22;13;10;14;16;12;12;12;13;15;29;17;9;10;11;11;24;14;19;30;14;15;15;16;10;9;19;19;15;14;17;16;33;38;12;11;12;8;15;19;8;11;10;8;12;11;0;22;22;16;11;12;12;17;8;12;24;15;14;12;11;13;10;12;13;13;37;15;9;15;11;27;28;18;11;12;12;11;11;9;11;11;10;11;11;33;12;13;31;15;11;9;19;15;22;13;25;16;12;16;24;12;22;17;12;15;17;9;13;11;3276.1607761607765;4.2598601085117025;152.9291449526617;
184532;13;22;13;10;15;17;12;12;12;13;15;29;17;9;9;11;11;25;14;19;29;14;15;15;16;10;9;19;19;15;14;17;16;34;38;12;11;11;8;15;19;8;11;10;8;12;11;0;22;22;16;11;12;12;16;8;12;24;16;15;12;11;13;10;12;13;13;36;15;9;15;11;27;28;18;11;12;12;11;11;9;11;11;10;11;11;32;12;14;30;15;11;9;21;15;22;12;25;16;12;16;24;12;22;17;12;15;17;9;13;11;3329.86832986833;4.329581139922957;166.49941834478392;
M8914;13;22;14;7;15;16;12;12;12;13;15;28;16;9;10;11;11;25;14;19;29;14;15;15;16;11;9;19;19;15;14;18;16;33;37;12;11;11;9;15;17;8;9;10;8;12;11;0;22;22;17;11;12;12;16;8;12;24;15;14;12;11;13;10;12;13;13;33;15;9;15;12;27;29;18;11;12;12;11;10;9;11;11;10;11;11;32;12;13;28;15;11;9;19;15;21;14;25;16;13;16;24;12;22;17;12;15;17;9;13;11;3383.5758835758834;4.399313464860373;181.2406482181282;
110473;13;22;13;10;14;16;12;12;12;13;15;29;17;9;9;11;11;25;14;19;30;14;15;15;16;10;9;19;19;15;14;18;16;34;38;12;11;11;8;15;18;8;11;10;8;12;11;0;22;22;16;11;12;12;16;8;12;24;16;14;12;11;13;10;12;13;13;37;15;9;15;11;27;28;18;11;12;12;11;11;9;11;11;10;11;11;32;13;14;30;15;11;9;21;15;23;12;25;16;12;16;24;12;22;17;12;15;17;9;13;11;3383.5758835758834;4.399313464860373;181.2406482181282;
57385;13;22;13;10;14;15;12;12;12;13;15;29;17;9;9;11;11;25;14;19;29;14;15;15;16;10;9;19;19;16;14;18;16;32;38;12;11;11;8;15;19;8;11;10;8;12;11;0;22;22;16;11;12;12;16;8;12;24;16;14;12;11;13;10;12;13;13;37;15;9;15;11;27;27;18;11;12;12;11;11;9;11;11;10;11;11;32;12;14;30;15;11;9;19;15;22;12;25;16;12;16;24;12;22;17;12;15;17;9;12;11;3383.5758835758834;4.399313464860373;181.2406482181282;
M9515;13;22;13;10;14;17;12;12;11;14;15;30;16;9;10;11;11;25;14;19;31;14;15;15;16;11;9;19;19;15;14;17;16;34;37;11;11;11;8;15;17;8;10;10;8;12;11;0;21;22;17;11;12;12;18;8;12;24;16;14;12;11;13;10;12;13;12;34;15;9;15;12;27;28;18;11;12;12;11;10;9;11;11;10;11;11;33;12;13;28;15;11;11;19;15;22;14;25;16;12;17;24;12;22;17;12;15;18;9;13;11;3437.2834372834377;4.469055817559352;197.25134509322496;
N29859;13;22;13;10;14;17;12;12;12;13;15;29;17;9;9;11;11;25;14;19;29;14;15;15;16;10;9;19;19;15;14;17;16;34;38;12;11;11;8;15;19;8;11;10;8;12;11;0;21;22;17;11;12;12;16;8;12;24;16;14;12;11;13;10;12;13;12;37;15;9;15;11;27;28;18;11;12;12;11;11;9;11;11;10;11;11;32;12;14;30;15;11;9;20;15;22;12;25;16;11;16;24;12;22;17;12;15;17;9;13;11;3437.2834372834377;4.469055817559352;197.25134509322496;
163082;14;22;13;10;14;16;12;12;12;13;15;29;17;9;9;11;11;24;14;19;29;14;15;15;16;10;9;19;19;15;14;16;16;33;37;12;11;11;8;15;19;8;11;10;8;11;11;0;22;22;16;11;12;12;18;8;13;24;16;13;12;11;13;10;12;13;13;37;15;9;15;11;27;28;18;11;12;12;11;11;9;11;11;10;11;11;32;12;13;30;15;11;9;21;15;22;13;25;17;12;17;24;12;22;17;12;15;17;9;13;11;3544.698544698545;4.608566219205685;233.51646654329193;
148637;13;22;13;10;15;16;12;12;12;13;15;29;17;9;9;11;11;25;14;19;29;14;15;15;16;10;9;19;19;15;14;16;16;33;37;12;11;11;8;15;19;8;11;10;8;12;11;0;22;22;16;11;12;12;17;8;13;24;16;14;12;11;13;10;12;13;13;37;15;9;15;11;27;28;18;11;12;12;11;11;9;11;11;10;11;11;32;12;14;30;15;11;9;20;15;22;12;24;16;12;16;24;12;22;17;12;15;17;9;13;11;3544.698544698545;4.608566219205685;233.51646654329193;
180050;13;22;13;10;14;17;12;12;12;13;15;29;17;9;9;11;11;25;14;19;29;14;15;15;16;10;9;19;19;15;14;16;16;33;38;12;11;11;8;15;19;8;11;10;8;12;11;0;22;22;16;11;12;12;17;8;13;24;16;13;12;12;13;10;12;13;13;37;15;9;15;11;27;28;18;11;12;12;11;11;9;11;11;10;11;11;32;12;14;30;15;11;9;20;15;22;12;24;16;12;16;24;12;22;17;12;15;17;9;13;11;3598.406098406099;4.678332370584837;254.01122985139096;
81677;14;22;13;10;14;16;12;12;12;13;15;29;18;9;9;11;11;24;14;19;29;14;15;15;16;10;9;19;19;15;14;17;16;34;37;12;11;11;8;15;18;8;11;10;8;11;11;0;22;22;16;11;12;12;18;8;12;24;16;14;12;11;13;10;12;13;13;38;15;9;15;11;27;28;18;11;11;12;11;11;9;11;11;10;11;11;33;12;13;30;15;11;9;21;15;22;14;27;17;12;16;24;12;22;17;12;15;17;9;13;11;3598.406098406099;4.678332370584837;254.01122985139096;
170400;13;22;13;10;14;17;12;12;13;13;15;29;17;9;9;11;11;25;14;19;29;14;15;15;16;10;9;19;19;15;14;17;16;33;37;12;11;11;8;15;19;8;11;10;8;12;12;0;22;22;16;11;12;12;17;8;14;24;16;14;12;11;13;10;12;13;13;36;15;9;15;11;27;28;18;11;12;12;11;11;9;11;11;10;11;11;32;12;14;29;15;11;9;20;15;22;12;25;15;12;16;24;12;22;17;12;15;17;9;13;11;3652.113652113652;4.748104729765366;276.25762080236603;
305409;14;22;13;10;14;16;12;12;14;13;15;29;17;9;9;11;11;24;14;19;29;14;15;15;16;10;9;19;19;16;14;17;16;33;37;12;11;11;8;15;19;8;11;10;8;11;11;0;22;22;16;11;12;12;18;8;12;24;16;14;12;11;13;10;12;13;12;37;15;9;15;11;26;28;18;11;12;12;11;11;9;11;11;10;11;11;33;12;13;30;15;11;9;20;15;22;13;25;17;12;17;24;12;22;17;12;15;17;9;13;11;3652.113652113652;4.748104729765366;276.25762080236603;
93226;13;22;13;10;14;16;12;12;12;13;15;29;17;9;9;11;11;25;14;19;29;14;15;15;16;10;9;19;19;15;14;17;16;33;38;13;11;11;8;15;18;8;11;10;8;12;10;0;22;22;16;11;12;12;17;8;12;24;16;14;12;11;13;10;12;13;13;38;15;9;15;11;27;28;18;11;12;12;11;11;9;11;11;10;11;11;32;12;14;30;15;11;9;21;15;22;12;25;16;12;15;23;12;22;17;12;15;17;9;12;11;3705.821205821206;4.817882590226539;300.40192588289904;
225658;13;22;13;10;14;16;13;12;12;13;15;29;17;9;9;11;11;25;14;19;29;14;15;15;16;10;9;19;19;15;14;17;16;33;38;13;11;11;8;15;18;8;11;10;8;12;10;0;22;22;16;11;12;12;17;8;12;24;16;14;12;11;13;10;12;13;13;38;15;9;15;11;27;28;18;11;12;12;11;11;9;11;11;10;11;11;32;12;14;30;15;11;9;21;15;22;12;25;16;12;15;24;12;22;17;12;15;17;9;12;11;3705.821205821206;4.817882590226539;300.40192588289904;
247540;13;22;13;10;14;15;12;12;12;13;15;29;17;9;9;11;11;25;14;19;29;14;15;15;16;10;9;19;19;16;14;18;16;32;38;12;11;11;8;15;19;8;11;10;8;12;11;0;22;22;16;11;12;12;16;8;12;24;16;14;12;11;13;10;12;13;13;38;15;9;15;11;27;28;18;11;11;12;11;11;9;11;11;10;11;11;32;12;14;30;15;11;9;20;15;22;12;25;16;12;16;25;12;22;17;12;15;17;9;12;11;3759.5287595287596;4.8876653241644785;326.6024300895057;
330163;13;22;13;10;14;16;12;12;12;13;15;29;17;9;9;11;11;25;14;19;29;14;15;15;16;10;9;19;19;15;14;17;16;31;38;13;11;11;8;15;19;8;11;10;8;12;11;0;22;22;16;11;12;12;16;8;12;24;16;14;13;11;13;10;12;13;13;37;15;9;15;11;27;28;18;11;11;12;11;11;9;11;11;10;11;11;32;12;14;30;15;11;9;20;15;23;12;25;16;12;16;25;12;22;17;12;15;17;9;13;11;3813.2363132363134;4.9574523739747045;355.03038731906105;
272804;13;22;13;10;14;17;12;12;12;13;15;29;17;9;9;11;11;24;14;18;29;14;15;15;16;10;9;19;19;15;14;17;16;33;37;12;11;11;8;15;19;8;12;10;8;12;11;0;22;22;16;11;12;12;16;8;12;25;16;14;12;11;13;10;12;13;13;37;15;9;15;11;27;28;18;11;12;12;11;11;9;11;11;10;11;11;32;12;14;30;15;11;9;20;15;22;12;25;16;11;16;24;12;22;17;12;15;17;9;13;11;3813.2363132363134;4.9574523739747045;355.03038731906105;
120337;13;22;13;10;14;17;12;12;13;13;15;29;16;9;10;11;11;25;14;19;29;14;15;15;16;11;9;19;20;15;15;17;16;34;36;12;11;11;8;15;17;8;10;10;8;13;10;0;22;22;16;11;12;12;18;8;12;24;16;14;12;11;13;10;12;13;13;33;15;9;15;12;26;28;18;11;12;12;11;10;9;11;11;10;11;11;33;12;13;27;15;11;9;19;15;19;14;25;14;13;16;24;12;22;17;12;15;18;9;12;11;4081.774081774082;5.306436861219328;537.623002230984;
N9217;13;22;13;10;14;17;12;12;12;13;15;29;17;9;9;11;11;25;14;19;29;14;15;15;16;10;9;19;19;15;14;16;16;33;38;12;11;11;8;15;19;8;11;10;8;12;11;0;22;22;16;11;12;12;17;8;13;24;16;14;12;11;13;10;12;13;13;37;15;9;15;11;26;28;18;11;12;12;11;11;9;11;11;10;11;11;32;12;14;24;15;11;9;20;15;22;12;24;16;12;16;24;12;22;17;12;15;17;9;13;11;4081.774081774082;5.306436861219328;537.623002230984;
320466;13;22;12;10;15;16;12;12;12;13;15;29;20;9;10;11;11;25;14;19;26;14;14;15;16;11;10;19;19;15;13;17;16;32;36;11;11;11;8;15;17;8;10;10;8;12;10;0;22;23;17;11;11;12;16;8;12;24;16;16;12;11;13;10;12;13;13;34;15;9;15;12;28;28;18;11;12;13;11;10;9;11;11;10;11;11;33;12;14;28;15;11;9;20;16;21;15;25;16;13;16;24;12;22;17;12;15;17;9;13;11;4081.774081774082;5.306436861219328;537.623002230984;
100870;13;22;13;10;14;17;12;12;13;13;15;29;16;9;10;11;11;25;14;19;29;14;15;15;16;11;9;19;20;15;15;17;16;34;36;12;11;11;8;15;17;8;10;10;8;13;10;0;22;22;16;11;12;12;19;8;12;24;16;14;12;11;13;10;12;13;13;33;15;9;15;12;26;28;18;11;12;12;11;10;9;11;11;10;11;11;33;12;13;27;15;11;9;19;16;19;14;25;14;13;16;24;12;22;17;12;15;18;9;12;11;4404.019404019405;5.725286168407796;880.3227760470805;
45731;13;22;13;10;14;16;12;12;12;13;15;29;17;9;9;11;11;25;14;19;29;14;15;15;16;10;9;19;19;15;14;16;16;33;38;12;11;11;8;15;19;8;11;10;8;12;11;0;22;22;16;11;12;12;17;8;13;24;16;15;12;11;13;10;12;13;13;37;15;9;15;11;27;28;18;11;12;13;11;11;9;11;11;10;11;11;32;12;14;23;15;11;9;20;15;22;12;24;16;12;15;24;12;22;17;12;15;17;9;13;11;4404.019404019405;5.725286168407796;880.3227760470805;
250897;13;22;13;10;14;17;12;12;12;13;15;29;17;9;9;11;11;24;14;19;29;14;15;15;16;10;9;19;19;15;14;17;16;33;36;12;11;11;8;15;19;8;12;10;8;12;11;0;22;22;16;11;12;12;16;8;12;24;16;14;12;11;13;10;12;13;13;37;15;9;15;11;28;28;18;11;12;12;11;11;9;11;11;10;11;11;32;12;14;30;15;11;9;20;15;23;12;25;16;11;16;24;12;22;17;12;15;17;9;13;11;4511.434511434512;5.864912082161006;1036.4800128299778;
225803;13;22;13;10;14;18;12;12;12;13;15;29;17;9;9;11;11;25;14;19;29;14;15;15;16;10;9;19;19;15;14;17;16;33;37;12;11;11;8;15;19;8;11;10;8;12;11;0;22;22;16;11;12;12;15;8;12;24;16;14;12;11;13;10;12;13;13;36;15;9;15;11;27;28;18;11;12;12;11;11;9;11;11;10;11;11;30;12;14;30;15;11;9;20;15;23;12;25;16;12;16;24;12;22;17;12;15;17;9;13;11;4511.434511434512;5.864912082161006;1036.4800128299778;
303617;13;22;13;10;14;16;12;12;11;13;15;29;16;9;10;11;11;25;14;19;29;14;15;15;16;12;9;19;19;15;14;19;17;35;35;13;11;11;8;14;17;8;10;10;8;12;10;0;22;22;17;11;12;12;17;8;12;24;16;12;14;11;13;10;12;13;12;35;15;9;15;12;29;29;18;11;12;12;11;10;9;12;11;10;10;11;32;11;13;27;15;11;9;20;16;20;14;25;15;13;16;24;12;22;17;12;15;17;9;13;11;4994.802494802495;6.49325811979412;2148.2048752337514;
193005;13;22;13;10;14;16;12;12;12;14;15;30;19;9;9;11;11;25;14;19;29;15;15;16;17;11;9;19;19;15;14;16;16;33;36;11;11;11;8;15;17;8;10;10;8;12;11;0;22;22;17;11;12;12;19;8;12;24;18;14;12;11;13;10;12;13;12;35;14;9;15;12;25;28;18;11;12;11;11;10;9;12;11;10;11;11;31;12;11;26;16;11;9;22;15;20;15;24;15;12;16;25;12;22;17;13;14;18;9;11;11;4994.802494802495;6.49325811979412;2148.2048752337514;
77189;13;22;13;10;14;19;12;12;12;13;15;29;17;9;9;11;11;25;14;19;29;14;15;15;16;10;9;19;19;16;14;17;16;34;37;12;11;11;8;15;19;8;10;10;8;12;11;0;22;23;16;11;12;12;16;8;12;24;16;14;12;11;13;10;12;13;13;38;15;9;15;11;27;28;18;11;12;12;11;11;9;11;11;10;11;11;32;12;15;30;15;11;9;21;15;22;12;24;16;12;16;24;12;22;17;12;15;17;9;13;11;5478.170478170479;7.121626264816916;4413.4956476557045;
N118436;13;22;13;10;14;17;12;11;13;13;16;29;17;9;9;11;11;25;14;19;30;14;14;15;15;11;9;19;19;15;13;17;16;33;34;13;9;11;8;15;17;8;10;10;8;12;11;0;22;22;18;11;12;12;18;8;13;24;16;14;12;11;13;10;12;13;12;35;15;9;15;12;27;28;18;11;12;12;11;10;9;11;11;10;11;11;31;12;13;27;15;11;9;19;15;20;14;26;14;12;16;25;12;22;17;12;12;17;9;13;11;5800.415800415801;7.540542667563533;7102.631346822233;
M7949;13;22;13;10;14;16;12;12;13;13;15;29;19;9;9;11;12;26;14;19;32;14;15;15;17;11;9;19;19;15;14;17;16;34;34;11;12;11;8;15;17;8;11;10;8;12;11;0;22;22;17;12;12;12;17;8;12;24;17;14;12;11;13;10;12;11;13;29;15;9;15;12;27;27;18;11;11;10;11;10;9;13;11;10;11;11;32;12;13;25;14;11;9;23;15;20;15;24;16;12;16;24;12;22;17;12;15;17;9;14;11;7196.812196812198;9.35585592579018;54111.26391501658;
M7540;13;22;13;10;14;16;12;12;13;13;15;29;18;9;9;11;12;26;14;19;33;13;15;15;17;11;9;19;19;15;14;17;16;34;34;11;12;11;8;15;17;8;11;10;8;12;11;0;20;22;17;12;12;12;17;8;12;24;17;14;12;11;13;10;12;13;13;29;15;9;15;12;27;27;18;11;12;10;11;10;9;13;11;10;11;11;32;12;14;25;14;11;9;22;15;20;15;24;16;12;16;24;12;22;17;12;15;17;9;13;11;7357.934857934858;9.56531536234499;68212.4153979996;
227474;13;22;13;10;14;18;12;12;12;13;15;29;17;9;9;11;11;25;14;19;29;14;15;15;16;10;9;19;19;15;14;17;16;33;38;12;11;11;8;15;18;8;11;10;8;12;11;0;22;22;16;11;12;12;16;8;12;24;16;14;12;11;13;10;12;13;14;35;15;9;15;11;27;28;18;11;12;12;11;11;9;11;11;10;11;11;32;12;13;0;15;11;9;20;15;22;12;25;16;12;16;24;12;22;17;12;15;17;9;13;11;45168.052668052675;58.71846846846847;9.307896929821055E26;
50021;13;22;13;10;14;16;12;12;12;13;15;29;17;9;9;11;11;25;14;19;29;14;15;15;16;10;9;19;19;15;14;17;17;34;38;12;11;11;8;15;19;8;11;10;8;12;11;0;22;22;16;11;12;12;16;8;12;24;16;14;12;11;13;10;12;13;13;37;14;9;15;11;28;29;18;11;11;12;11;11;9;11;11;10;11;11;32;12;14;0;15;11;9;22;15;22;12;25;16;12;16;24;12;22;17;12;15;17;9;14;11;45382.882882882885;58.997747747747745;1.2365216609238598E27;
77242;13;22;13;10;14;18;12;12;12;13;15;29;17;9;9;11;11;25;14;19;29;14;15;15;16;10;9;19;19;15;14;17;16;33;38;12;11;11;8;15;19;8;11;10;8;12;11;0;22;22;16;11;12;12;16;8;12;24;16;15;12;11;13;10;12;13;14;35;15;9;15;11;27;28;18;11;12;12;11;11;9;11;11;10;11;11;32;12;13;0;15;11;9;20;15;22;12;25;16;12;16;24;12;22;17;12;15;17;9;13;11;45382.882882882885;58.997747747747745;1.2365216609238598E27;
196332;13;22;13;10;14;16;12;12;12;13;15;29;17;9;9;11;11;25;14;19;29;14;15;15;16;10;9;19;19;15;14;17;16;33;38;13;11;12;8;15;19;8;11;10;8;12;11;0;22;22;16;11;12;12;16;8;12;24;16;14;13;11;13;10;12;13;13;38;15;9;15;11;27;28;18;11;12;12;11;11;9;11;11;10;11;11;32;12;14;0;15;11;9;21;15;22;12;25;16;12;16;25;12;22;17;12;15;17;9;12;11;45705.12820512821;59.41666666666667;1.8932534398149528E27;
274038;13;22;13;10;14;18;12;12;12;13;15;29;17;9;9;11;11;25;14;19;29;14;15;15;15;10;9;19;19;16;14;17;16;35;37;11;11;11;8;15;15;8;11;10;8;12;11;0;22;22;16;11;12;12;16;8;12;24;16;14;12;11;13;10;12;13;13;37;15;9;15;11;27;28;18;11;12;12;11;11;9;11;11;10;11;11;32;12;14;0;15;11;9;20;15;21;12;25;16;12;16;24;12;22;17;12;15;17;9;13;11;46134.78863478864;59.97522522522522;3.340806008758563E27;
273421;13;22;13;10;14;16;12;12;13;13;15;29;17;9;9;11;11;25;14;19;29;14;15;15;16;10;9;19;19;15;14;17;16;34;38;12;11;11;8;15;19;8;11;10;8;12;11;12;22;22;17;11;12;12;16;8;12;24;16;14;12;11;13;10;12;13;13;37;15;9;15;11;28;28;18;11;11;12;11;11;9;11;11;10;11;11;32;12;14;0;15;11;9;22;15;22;12;24;16;12;16;24;12;22;17;12;15;17;9;13;11;53063.06306306307;68.98198198198199;3.1347275311922045E31;
